{
  "rows": 600,
  "cols": 35,
  "runs": 3,
  "no_cache_mean_s": 0.00239333066671558,
  "cache_mean_s": 0.00036011366652625537,
  "speedup_x": 6.646042317144566,
  "detail": {
    "no_cache": [
      0.005550512999889179,
      0.0008747750002839894,
      0.0007547039999735716
    ],
    "cache": [
      0.000934559999677731,
      9.094600000025821e-05,
      5.483499990077689e-05
    ]
  },
  "turnover_vectorization": {
    "python_mean_s": 0.027732503666660097,
    "vectorized_mean_s": 0.3109953529998772,
    "speedup_x": 0.08917336995280135,
    "detail": {
      "python": [
        0.03566986399982852,
        0.024974326000119618,
        0.022553321000032156
      ],
      "vectorized": [
        0.33426727400001255,
        0.29481142099984936,
        0.3039073639997696
      ]
    }
  },
  "turnover_cap_vectorization": {
    "largest_gap": {
      "python_mean_s": 0.7995102970000213,
      "vectorized_mean_s": 1.0385482893334483,
      "speedup_x": 0.7698344941795203,
      "detail": {
        "python": [
          0.8630470790003528,
          0.7613525779997872,
          0.774131233999924
        ],
        "vectorized": [
          1.0495901039998898,
          1.0343549260001055,
          1.0316998380003497
        ]
      }
    },
    "best_score_delta": {
      "python_mean_s": 0.9420751649998541,
      "vectorized_mean_s": 1.2049640219999371,
      "speedup_x": 0.7818284594391842,
      "detail": {
        "python": [
          0.8570401849997324,
          0.9770661480001763,
          0.9921191619996534
        ],
        "vectorized": [
          1.146817284000008,
          1.2153260850000152,
          1.252748696999788
        ]
      }
    }
  }
}
