{
  "rows": 1200,
  "cols": 35,
  "runs": 4,
  "no_cache_mean_s": 0.0008773499998824263,
  "cache_mean_s": 0.0002154869998776121,
  "speedup_x": 4.071475311182232,
  "detail": {
    "no_cache": [
      0.0015454200001840945,
      0.0006699689984088764,
      0.0006470860007539159,
      0.0006469250001828186
    ],
    "cache": [
      0.0006791460000385996,
      5.919099930906668e-05,
      5.855000017618295e-05,
      6.50609999865992e-05
    ]
  },
  "turnover_vectorization": {
    "python_mean_s": 0.028878604500278016,
    "vectorized_mean_s": 0.4291728874995897,
    "speedup_x": 0.06728897687020274,
    "detail": {
      "python": [
        0.029436529001031886,
        0.027501332999236183,
        0.02977474900035304,
        0.028801807000490953
      ],
      "vectorized": [
        0.38071754699922167,
        0.38324901799933286,
        0.4998396410010173,
        0.452885343998787
      ]
    }
  },
  "turnover_cap_vectorization": {
    "largest_gap": {
      "python_mean_s": 0.9783679727502204,
      "vectorized_mean_s": 1.3207098110001425,
      "speedup_x": 0.7407895092483073,
      "detail": {
        "python": [
          0.9700321660002373,
          0.9956087449991173,
          1.0118615540013707,
          0.9359694260001561
        ],
        "vectorized": [
          1.4228277469992463,
          1.2927113969999482,
          1.3035036100009165,
          1.263796490000459
        ]
      }
    },
    "best_score_delta": {
      "python_mean_s": 1.1482217082502757,
      "vectorized_mean_s": 1.3906995467500565,
      "speedup_x": 0.8256432605688049,
      "detail": {
        "python": [
          1.212637058000837,
          1.1208939520001877,
          1.17344686099932,
          1.085908962000758
        ],
        "vectorized": [
          1.3922819809995417,
          1.3912091620004503,
          1.3566770249999536,
          1.4226300190002803
        ]
      }
    }
  }
}
