,cagr,vol,sharpe,sortino,information_ratio,max_drawdown
Mgr_01,-0.32544546604892255,0.1336052070660739,-2.4358741189478854,-1.9714487317650424,-2.8307793688126406,0.9967384069739206
Mgr_02,0.10915475604851532,0.12470215174340164,0.8753237576294751,1.5781485324374265,0.8957027753447226,0.1804687161490618
Mgr_03,0.41287205449588926,0.12604516503020732,3.2755881940964775,10.828469321597037,2.8425540804197973,0.09519102239518529
Mgr_04,-0.3524829102611151,0.12754573273571626,-2.7635805816528927,-2.0511684753094865,-3.2804926396255216,0.9980432713799636
Mgr_05,0.23130652287503883,0.1329034509492459,1.7404102092380713,3.835658849153618,1.6438183667204738,0.17864457086519725
Mgr_06,0.05169760028428638,0.12488100869373031,0.4139748775658462,0.6395503222056251,0.46659766617507625,0.2478816091884275
Mgr_07,0.49594001925250897,0.1238769800763916,4.003488129486819,18.61984848037732,3.3654380035564255,0.07120922031506638
Mgr_08,0.42848106702312516,0.12534505815838878,3.4184121282363362,10.577749624300752,2.948328022389957,0.09960025044305487
